title,magnitude,cdi,mmi,alert,tsunami,sig,latitude,longitude
"M 7.0 - 18 km SW of Malango, Solomon Islands",7.0,8,7,green,1,768,-9.7963,159.596
"M 6.9 - 204 km SW of Bengkulu, Indonesia",6.9,4,4,green,0,735,-4.9559,100.738
M 7.0 - ,7.0,3,3,green,1,755,-20.0508,-178.346
"M 7.3 - 205 km ESE of Neiafu, Tonga",7.3,5,5,green,1,833,-19.2918,-172.129
M 6.6 - ,6.6,0,2,green,1,670,-25.5948,178.278
M 7.0 - south of the Fiji Islands,7.0,4,3,green,1,755,-26.0442,178.381
M 6.8 - south of the Fiji Islands,6.8,1,3,green,1,711,-25.9678,178.363
"M 6.7 - 60 km SSW of Boca Chica, Panama",6.7,7,6,green,1,797,7.6712,-82.3396
"M 6.8 - 55 km SSW of Aguililla, Mexico",6.8,8,7,yellow,1,1179,18.33,-102.913
"M 7.6 - 35 km SSW of Aguililla, Mexico",7.6,9,8,yellow,1,1799,18.3667,-103.252
"M 6.9 - 90 km E of Yujing, Taiwan",6.9,9,9,yellow,1,887,23.1444,121.307
"M 6.5 - 96 km SE of Lugu, Taiwan",6.5,7,7,green,1,756,23.029,121.348
"M 7.0 - 209 km SSE of Isangel, Vanuatu",7.0,7,5,green,1,761,-21.2077,170.239
"M 7.6 - 70 km E of Kainantu, Papua New Guinea",7.6,8,8,yellow,1,965,-6.2237,146.471
"M 6.6 - 44 km SE of Kangding, China",6.6,9,8,orange,0,1043,29.7263,102.279
M 6.6 - south of the Kermadec Islands,6.6,7,6,green,1,672,-32.6922,-178.959
"M 7.0 - 11 km NE of Bantay, Philippines",7.0,9,8,yellow,1,1351,17.5978,120.809
"M 6.5 - 107 km SSW of Tarauacá, Brazil",6.5,3,2,green,0,653,-9.0618,-71.1647
"M 7.2 - 10 km W of Azángaro, Peru",7.2,7,5,green,1,876,-14.8628,-70.3081
M 6.9 - ,6.9,2,5,green,1,733,-54.1325,159.027
"M 6.8 - 86 km NNW of San Antonio de los Cobres, Argentina",6.8,6,5,green,1,762,-23.6141,-66.7236
"M 6.6 - 55 km WSW of Masachapa, Nicaragua",6.6,6,5,green,1,762,11.5538,-86.9919
M 7.0 - southeast of the Loyalty Islands,7.0,6,4,green,1,763,-22.5732,170.349
"M 6.9 - 284 km ESE of Tadine, New Caledonia",6.9,6,4,green,1,738,-22.72,170.277
"M 6.7 - 65 km S of Hualien City, Taiwan",6.7,8,7,green,1,806,23.3421,121.636
"M 7.3 - 57 km ENE of Namie, Japan",7.3,9,8,red,1,2397,37.7015,141.587
"M 6.7 - 166 km W of Pariaman, Indonesia",6.7,9,6,green,0,708,-0.6831,98.6034
"M 6.6 - Kermadec Islands, New Zealand",6.6,2,7,green,1,670,-30.0528,-177.74
M 6.8 - south of the Fiji Islands,6.8,2,3,green,1,712,-23.7852,-179.968
"M 6.5 - 49 km NW of Barranca, Peru",6.5,8,6,green,0,690,-4.455,-76.9395
M 6.5 - Kermadec Islands region,6.5,7,4,green,1,651,-29.535,-176.729
"M 6.6 - 80 km SW of Labuan, Indonesia",6.6,8,6,green,0,785,-6.9291,105.251
"M 6.5 - 71 km SE of Nikolski, Alaska",6.5,0,3,,1,650,52.502,-168.08
"M 6.5 - 71 km SE of Nikolski, Alaska",6.5,0,3,,1,650,52.502,-168.08
"M 6.6 - 53 km SE of Nikolski, Alaska",6.6,8,5,green,1,674,52.6252,-168.15
"M 6.7 - 91 km SE of Nikolski, Alaska",6.7,0,4,,1,691,52.48,-167.736
"M 6.7 - 91 km SE of Nikolski, Alaska",6.7,0,4,,1,691,52.48,-167.736
"M 6.8 - 100 km SE of Nikolski, Alaska",6.8,7,6,green,1,730,52.6563,-167.917
"M 6.6 - 48 km WNW of Pólis, Cyprus",6.6,6,6,green,0,976,35.1456,31.9095
"M 6.6 - northern Qinghai, China",6.6,9,8,orange,0,1012,37.8167,101.299
"M 7.3 - 125 km NNE of Lospalos, Timor Leste",7.3,8,7,green,0,921,-7.5924,127.581
M 7.3 - Flores Sea,7.3,9,5,green,1,854,-7.6033,122.2
"M 7.5 - 43 km NNW of Barranca, Peru",7.5,8,8,yellow,1,1094,-4.4898,-76.8461
"M 6.6 - 177 km SE of Hirara, Japan",6.6,7,4,green,1,688,23.5414,126.48
"M 6.9 - 112 km E of Chignik, Alaska",6.9,8,6,green,1,995,56.2581,-156.492
M 6.9 - Vanuatu region,6.9,4,3,green,1,740,-21.1704,174.54
M 7.3 - Vanuatu region,7.3,4,4,green,1,826,-21.1036,174.895
"M 6.5 - 80 km SW of Jiquilillo, Nicaragua",6.5,7,5,green,1,684,12.1598,-87.8542
"M 7.0 - Acapulco, Mexico",7.0,8,8,red,1,2504,16.9502,-99.7877
M 7.1 - South Sandwich Islands region,7.1,1,4,green,1,776,-60.3026,-24.9992
M 6.6 - South Sandwich Islands region,6.6,1,3,green,1,670,-60.1023,-24.4608
"M 6.9 - 17 km N of Port-Olry, Vanuatu",6.9,8,7,green,1,741,-14.892,167.085
M 6.9 - South Sandwich Islands region,6.9,6,4,green,1,734,-58.3814,-23.3318
"M 7.2 - Nippes, Haiti",7.2,9,8,red,1,2331,18.3521,-73.4804
"M 6.9 - 136 km SE of Perryville, Alaska",6.9,5,4,green,1,738,55.2364,-157.707
"M 6.9 - 125 km SE of Perryville, Alaska",6.9,5,4,green,1,738,55.2657,-157.68
M 8.1 - South Sandwich Islands region,8.1,0,7,green,0,1009,-58.4157,-25.3206
M 7.5 - South Sandwich Islands region,7.5,9,6,green,1,868,-57.5959,-25.1874
"M 7.1 - 60 km ENE of Pondaguitan, Philippines",7.1,9,7,green,1,846,6.4547,126.742
"M 8.2 - 91 km ESE of Perryville, Alaska",8.2,8,6,green,1,1237,55.4742,-157.917
"M 8.2 - 99 km SE of Perryville, Alaska",8.2,8,7,yellow,1,1252,55.3154,-157.829
"M 6.7 - 15 km S of Hukay, Philippines",6.7,8,5,green,1,935,13.6989,120.713
"M 6.7 - 71 km S of Burica, Panama",6.7,6,6,green,1,830,7.5904,-82.8813
"M 6.5 - Kermadec Islands, New Zealand",6.5,0,4,green,1,650,-30.2144,-177.773
"M 6.5 - 265 km SSE of Alo, Wallis and Futuna",6.5,5,7,green,1,652,-16.4796,-177.356
"M 7.3 - Southern Qinghai, China",7.3,9,9,orange,0,1025,34.5861,98.2551
"M 6.7 - 260 km S of Sinabang, Indonesia",6.7,8,4,green,0,698,0.1684,96.6475
M 6.7 - Mauritius - Reunion region,6.7,9,3,green,0,694,-17.2495,66.3745
M 6.9 - ,6.9,7,6,green,1,919,38.2296,141.665
"M 6.5 - 207 km WSW of Haveluloto, Tonga",6.5,4,4,green,0,651,-21.6857,-177.064
"M 6.5 - 225 km WNW of Pangai, Tonga",6.5,6,4,green,0,652,-18.9204,-176.235
"M 7.0 - 30 km E of Ishinomaki, Japan",7.0,7,7,yellow,1,1052,38.4752,141.607
"M 6.6 - 171 km SSE of Ust’-Kamchatsk Staryy, Russia",6.6,5,5,green,1,672,54.7018,163.208
M 6.5 - Kermadec Islands region,6.5,0,4,green,0,650,-28.4792,-176.619
"M 8.1 - Kermadec Islands, New Zealand",8.1,9,8,green,1,1021,-29.7466,-177.224
"M 7.4 - Kermadec Islands, New Zealand",7.4,3,7,green,1,843,-29.6131,-177.842
"M 7.3 - 182 km NE of Gisborne, New Zealand",7.3,7,6,green,1,932,-37.596,179.544
"M 7.1 - 73 km ENE of Namie, Japan",7.1,9,8,orange,1,1612,37.6856,141.992
M 7.7 - southeast of the Loyalty Islands,7.7,9,4,green,1,918,-23.2787,171.489
M 6.9 - South Shetland Islands,6.9,9,5,green,1,739,-61.8484,-55.559
"M 7.0 - 211 km SE of Pondaguitan, Philippines",7.0,7,5,green,1,802,5.0074,127.517
"M 6.7 - 29 km SSW of Turt, Mongolia",6.7,8,8,green,0,776,51.2407,100.443
"M 6.7 - 146 km WNW of Corral, Chile",6.7,5,5,green,1,776,-39.3264,-74.9067
"M 7.0 - 13 km NNE of Néon Karlovásion, Greece",7.0,8,7,orange,0,1527,37.8973,26.7953
"M 7.6 - 99 km SE of Sand Point, Alaska",7.6,9,7,yellow,1,1165,54.662,-159.675
M 6.9 - central Mid-Atlantic Ridge,6.9,0,3,green,1,732,0.9604,-26.8332
"M 6.5 - 94 km NW of Vallenar, Chile",6.5,6,6,green,0,674,-27.9285,-71.3937
"M 6.8 - 86 km NW of Vallenar, Chile",6.8,6,7,green,1,824,-28.013,-71.1958
M 6.5 - central Mid-Atlantic Ridge,6.5,4,5,green,0,651,0.8696,-29.7046
"M 6.9 - 222 km SSE of Katabu, Indonesia",6.9,4,3,green,0,749,-6.6704,123.493
"M 6.9 - 122 km WSW of Bengkulu, Indonesia",6.9,4,4,green,0,735,-4.2791,101.215
"M 6.8 - 138 km WSW of Bengkulu, Indonesia",6.8,5,4,green,0,716,-4.3724,101.095
"M 6.6 - 13 km E of San Pedro, Philippines",6.6,9,8,yellow,1,784,12.0065,124.13
"M 7.8 - 99 km SSE of Perryville, Alaska",7.8,9,7,green,1,1111,55.1079,-158.477
"M 7.0 - 114 km NNW of Popondetta, Papua New Guinea",7.0,6,7,green,1,820,-7.847,147.755
"M 6.6 - 97 km N of Batang, Indonesia",6.6,4,2,green,0,684,-5.6368,110.678
"M 7.4 - 9 km SE of Santa María Xadani, Mexico",7.4,8,8,orange,1,1494,15.9163,-95.9533
M 7.4 - south of the Kermadec Islands,7.4,7,7,green,1,873,-33.2938,-177.838
"M 6.6 - 130 km WNW of Naze, Japan",6.6,5,4,green,1,734,28.9386,128.262
"M 6.8 - 48 km SW of San Pedro de Atacama, Chile",6.8,6,6,green,1,835,-23.2966,-68.4204
"M 6.5 - Monte Cristo Range, NV Earthquake",6.5,7,8,green,0,1320,38.1689,-117.85
"M 6.6 - 175 km SSE of Lata, Solomon Islands",6.6,4,6,green,1,671,-12.0662,166.648
M 6.8 - Banda Sea,6.8,4,6,green,0,738,-6.7762,129.785
"M 6.5 - 91 km S of Néa Anatolí, Greece",6.5,7,6,green,0,678,34.1818,25.7101
"M 6.5 - Stanley, Idaho",6.5,8,8,green,0,1410,44.4646,-115.118
"M 7.5 - 221 km SSE of Severo-Kuril’sk, Russia",7.5,6,5,green,1,879,48.9638,157.695
"M 7.0 - 95 km ENE of Kuril’sk, Russia",7.0,5,6,yellow,1,770,45.6161,148.959
"M 7.7 - 123 km NNW of Lucea, Jamaica",7.7,9,6,yellow,1,1812,19.4193,-78.756
"M 6.7 - 13 km N of Do?anyol, Turkey",6.7,8,9,orange,0,1247,38.4312,39.0609
"M 6.8 - 7 km S of Magsaysay, Philippines",6.8,9,7,yellow,1,825,6.6969,125.174
"M 7.1 - 138km E of Bitung, Indonesia",7.1,6,6,green,1,799,1.6213,126.416
"M 6.5 - 166km SSW of Ndoi Island, Fiji",6.5,0,2,green,0,650,-21.9449,-179.511
"M 6.6 - 136 km W of Neiafu, Tonga",6.6,4,4,green,1,673,-18.5747,-175.272
"M 6.5 - 2km ESE of Kisante, Philippines",6.5,9,7,green,1,733,6.9098,125.178
"M 6.6 - 10 km NE of Columbio, Philippines",6.6,9,7,yellow,1,780,6.7567,125.008
"M 6.7 - 70 km WSW of Constitución, Chile",6.7,7,6,green,1,844,-35.4758,-73.163
"M 6.5 - 11km S of Kairatu, Indonesia",6.5,7,7,yellow,1,656,-3.4528,128.37
"M 6.6 - 34km NNE of Ndoi Island, Fiji",6.6,2,3,,1,671,-20.3641,-178.57
"M 6.6 - 131km S of Bristol Island, South Sandwich Islands",6.6,0,4,green,1,670,-60.2152,-26.5801
"M 6.9 - 152 km SW of Labuan, Indonesia",6.9,4,6,green,0,875,-7.2822,104.791
"M 6.8 - 96 km SW of San Antonio, Chile",6.8,6,6,green,1,947,-34.2364,-72.3102
"M 6.6 - 62km E of Lakatoro, Vanuatu",6.6,0,4,green,1,670,-16.1985,167.998
"M 7.2 - 93km NNE of Laiwui, Indonesia",7.2,7,7,green,1,809,-0.5858,128.034
"M 6.6 - 200km W of Broome, Australia",6.6,5,5,green,0,791,-18.2242,120.358
"M 6.9 - 134km WSW of Kota Ternate, Indonesia",6.9,7,5,green,0,747,0.5126,126.189
"M 7.1 - 18km W of Searles Valley, CA",7.1,9,9,yellow,0,1646,35.7695,-117.599
"M 7.3 - 292km NW of Saumlaki, Indonesia",7.3,4,6,green,1,952,-6.4078,129.169
"M 7.3 - 116km NE of L'Esperance Rock, New Zealand",7.3,8,6,green,1,830,-30.6441,-178.1
"M 6.6 - 32 km S of La Libertad, El Salvador",6.6,7,6,yellow,1,886,13.1994,-89.3056
"M 8.0 - 78 km NE of Navarro, Peru",8.0,9,8,orange,1,1890,-5.8119,-75.2697
"M 7.6 - 46km SSE of Namatanai, Papua New Guinea",7.6,7,7,green,1,929,-4.051,152.597
"M 7.1 - 33km NW of Bulolo, Papua New Guinea",7.1,7,6,yellow,1,826,-6.9746,146.449
"M 6.8 - 98km SSW of Luwuk, Indonesia",6.8,5,6,green,1,717,-1.8146,122.58
"M 6.5 - 83km ENE of Bristol Island, South Sandwich Islands",6.5,0,5,green,1,650,-58.6262,-25.304
"M 7.0 - 22 km NNE of Azángaro, Peru",7.0,7,4,green,1,869,-14.7131,-70.1546
"M 7.5 - 111km ESE of Palora, Ecuador",7.5,7,7,yellow,1,1145,-2.1862,-77.0505
"M 6.7 - 5 km SW of Puerto Madero, Mexico",6.7,6,6,yellow,1,909,14.6802,-92.4527
M 6.7 - Prince Edward Islands region,6.7,0,3,green,0,691,-43.1219,42.3568
"M 6.7 - 10 km SSW of Coquimbo, Chile",6.7,8,8,orange,1,1600,-30.0404,-71.3815
"M 6.6 - 94 km NW of Sola, Vanuatu",6.6,5,4,green,1,671,-13.336,166.875
M 6.6 - Molucca Sea,6.6,2,4,green,1,672,2.258,126.758
"M 6.8 - 90km W of Tarauaca, Brazil",6.8,3,3,green,0,715,-8.144,-71.587
"M 7.0 - 96 km ESE of Pondaguitan, Philippines",7.0,5,5,green,1,803,5.8983,126.921
"M 7.3 - 187 km SE of Ust’-Kamchatsk Staryy, Russia",7.3,3,7,green,1,822,55.0999,164.699
M 7.1 - South Sandwich Islands region,7.1,0,5,green,1,776,-58.5446,-26.3856
"M 6.6 - 199 km ESE of Tadine, New Caledonia",6.6,0,4,green,1,670,-22.0629,169.733
"M 7.5 - 166 km ESE of Tadine, New Caledonia",7.5,3,6,green,1,871,-21.9496,169.427
"M 7.1 - 1 km SE of Point MacKenzie, Alaska",7.1,8,8,orange,1,1790,61.3464,-149.955
"M 6.8 - 187 km E of Levuka, Fiji",6.8,0,3,green,1,711,-17.8735,-178.927
"M 6.7 - 120 km NW of Olonkinbyen, Svalbard and Jan Mayen",6.7,3,4,green,1,693,71.6312,-11.2431
"M 6.8 - 32 km SW of Lithakiá, Greece",6.8,8,7,yellow,0,954,37.5203,20.5565
"M 6.5 - 237 km SW of Port McNeill, Canada",6.5,2,4,green,0,655,49.297,-129.724
"M 6.8 - 210 km SW of Port McNeill, Canada",6.8,4,4,green,1,776,49.3346,-129.289
"M 6.5 - 223 km SW of Port McNeill, Canada",6.5,3,4,green,1,669,49.2586,-129.412
"M 6.5 - 171 km E of Tadine, New Caledonia",6.5,0,4,green,1,650,-21.7427,169.522
"M 6.7 - 269 km WNW of Ozernovskiy, Russia",6.7,0,3,green,1,691,52.8549,153.243
"M 6.5 - 154 km S of Severo-Kuril’sk, Russia",6.5,0,4,green,1,650,49.2902,156.297
"M 7.0 - 119 km E of Kimbe, Papua New Guinea",7.0,6,6,green,1,758,-5.7012,151.205
"M 6.7 - 279 km E of Levuka, Fiji",6.7,2,3,green,1,691,-18.3604,-178.063
"M 7.5 - 72 km N of Palu, Indonesia",7.5,8,8,red,0,2026,-0.2559,119.846
M 6.5 - south of the Fiji Islands,6.5,4,1,green,0,651,-25.415,178.199
M 6.9 - Kermadec Islands region,6.9,3,4,green,0,735,-31.7447,-179.373
"M 6.5 - 66 km NW of Kirakira, Solomon Islands",6.5,3,6,green,1,651,-10.0207,161.503
"M 7.9 - 45 km S of Levuka, Fiji",7.9,7,4,green,1,979,-18.4743,179.35
"M 6.6 - 27 km ESE of Chitose, Japan",6.6,8,9,orange,1,1075,42.6861,141.929
"M 7.1 - 238 km ESE of Tadine, New Caledonia",7.1,2,5,green,1,776,-22.0295,170.126
"M 7.1 - 136 km W of Iñapari, Peru",7.1,0,3,green,0,776,-11.0355,-70.8284
"M 6.5 - 78 km E of Lakatoro, Vanuatu",6.5,6,7,green,1,652,-16.0315,168.143
"M 7.3 - 40 km ENE of Carúpano, Venezuela",7.3,8,6,yellow,1,1570,10.7731,-62.9019
"M 6.9 - 20 km NNW of Labuan Lombok, Indonesia",6.9,7,7,green,0,1206,-8.319,116.627
"M 8.2 - 267 km E of Levuka, Fiji",8.2,5,4,green,1,1050,-18.1125,-178.153
"M 6.5 - 124 km N of Labuan Bajo, Indonesia",6.5,5,3,green,0,743,-7.3718,119.802
"M 6.5 - 108 km WSW of Adak, Alaska",6.5,6,6,green,1,655,51.4234,-178.026
"M 6.9 - 36 km NW of Labuan Lombok, Indonesia",6.9,9,8,orange,0,1704,-8.2581,116.438
"M 6.9 - 18 km SSW of Leilani Estates, Hawaii",6.9,7,8,yellow,1,1392,19.3182,-155.0
"M 6.8 - 38 km SE of Boyuibe, Bolivia",6.8,5,3,green,0,733,-20.6588,-63.0058
"M 6.9 - 150 km E of Kimbe, Papua New Guinea",6.9,9,6,green,1,741,-5.5321,151.5
"M 6.7 - 140 km E of Kimbe, Papua New Guinea",6.7,5,6,green,1,696,-5.5024,151.402
"M 6.8 - 103 km E of Kokopo, Papua New Guinea",6.8,6,6,green,1,719,-4.3762,153.2
"M 6.7 - 62 km SW of Tari, Papua New Guinea",6.7,8,7,green,1,697,-6.3043,142.612
"M 7.5 - 32 km SW of Tari, Papua New Guinea",7.5,9,8,yellow,1,943,-6.0699,142.754
"M 7.2 - 4 km S of Pinotepa de Don Luis, Mexico",7.2,7,7,yellow,1,1384,16.3855,-97.9787
"M 7.9 - 261 km SE of Chiniak, Alaska",7.9,9,4,green,1,1870,56.0039,-149.166
"M 7.1 - 37 km W of Atiquipa, Peru",7.1,9,7,green,1,1075,-15.7675,-74.7092
"M 7.5 - 203 km NNE of Barra Patuca, Honduras",7.5,8,5,green,1,1623,17.4825,-83.52
"M 6.5 - 12 km SSW of Kawalu, Indonesia",6.5,8,7,green,0,998,-7.4921,108.174
M 6.5 - Bouvet Island region,6.5,1,5,green,1,651,-54.2189,2.1628
"M 7.0 - 85 km ENE of Tadine, New Caledonia",7.0,4,6,green,1,771,-21.3246,168.671
"M 6.6 - 74 km E of Tadine, New Caledonia",6.6,4,5,green,1,676,-21.5027,168.598
"M 6.5 - 18 km W of Parrita, Costa Rica",6.5,8,8,yellow,1,1153,9.5147,-84.4865
"M 7.3 - 29 km S of ?alabja, Iraq",7.3,8,9,red,0,2790,34.9109,45.9592
"M 6.5 - 67 km WSW of Angoram, Papua New Guinea",6.5,6,5,green,1,661,-4.2433,143.485
"M 6.8 - 97 km NE of Hihifo, Tonga",6.8,5,5,green,1,727,-15.3197,-173.168
"M 6.6 - 101 km E of Tadine, New Caledonia",6.6,3,5,green,1,674,-21.6484,168.859
"M 6.7 - 132 km E of Tadine, New Caledonia",6.7,3,4,green,1,691,-21.6971,169.148
"M 6.7 - 181 km NNE of Maumere, Indonesia",6.7,3,3,green,0,694,-7.2168,123.074
"M 6.5 - 247 km ESE of Attu Station, Alaska",6.5,3,5,green,1,651,52.3909,176.769
"M 7.1 - 1 km S of Matzaco, Mexico",7.1,9,8,,0,1686,18.5499,-98.4887
"M 8.2 - near the coast of Chiapas, Mexico",8.2,9,7,red,1,2910,15.0222,-93.8993
"M 6.5 - 168 km SW of Mawu, China",6.5,5,7,yellow,0,707,33.1926,103.855
"M 6.6 - 11 km ENE of Kos, Greece",6.6,7,7,yellow,0,1064,36.9293,27.4139
"M 7.7 - Komandorskiye Ostrova, Russia region",7.7,8,7,green,1,918,54.4434,168.857
"M 6.6 - Auckland Islands, New Zealand region",6.6,5,4,green,1,704,-49.4837,164.016
"M 6.5 - 2 km S of Lim-oo, Philippines",6.5,9,8,yellow,1,740,11.1269,124.629
"M 6.8 - 28 km SW of Puerto San José, Guatemala",6.8,6,6,yellow,1,1034,13.7174,-90.9718
"M 6.9 - 2 km SSW of San Pablo, Guatemala",6.9,8,6,yellow,1,1188,14.9091,-92.0092
"M 6.8 - 200 km NW of Attu Station, Alaska",6.8,0,4,green,1,711,54.0312,170.92
"M 6.6 - 37 km WNW of Poso, Indonesia",6.6,7,7,green,0,678,-1.2923,120.431
M 6.5 - South Sandwich Islands region,6.5,0,4,green,1,650,-56.414,-25.7432
"M 6.8 - 59 km NNE of Port-Olry, Vanuatu",6.8,6,5,green,1,713,-14.5884,167.377
"M 6.9 - 31 km SW of Burias, Philippines",6.9,9,6,green,1,814,5.5043,125.066
"M 6.9 - 40 km W of Valparaíso, Chile",6.9,9,7,yellow,1,1642,-33.0375,-72.0617
"M 6.5 - 132 km WSW of Moijabana, Botswana",6.5,7,8,green,0,1297,-22.6784,25.1558
"M 6.6 - 81 km NNE of Ust’-Kamchatsk Staryy, Russia",6.6,6,7,yellow,1,671,56.9401,162.786
M 6.9 - south of the Fiji Islands,6.9,2,3,green,1,733,-23.2593,-178.804
"M 6.5 - 41 km E of Padilla, Bolivia",6.5,3,3,green,0,653,-19.2814,-63.9047
"M 6.5 - 11 km N of Mabua, Philippines",6.5,8,7,yellow,1,718,9.9071,125.452
"M 7.9 - 35 km WNW of Panguna, Papua New Guinea",7.9,9,7,yellow,1,987,-6.2464,155.172
"M 6.5 - 65 km W of Kirakira, Solomon Islands",6.5,6,6,green,1,654,-10.3506,161.335
"M 7.3 - 189 km SSE of Tabiauan, Philippines",7.3,6,3,green,1,849,4.4782,122.617
"M 6.9 - 225 km SW of Nadi, Fiji",6.9,6,4,green,1,742,-19.3733,176.052
"M 7.6 - 41 km SW of Quellón, Chile",7.6,9,8,yellow,1,1152,-43.4064,-73.9413
"M 6.7 - 151 km NE of Lospalos, Timor Leste",6.7,5,5,green,0,726,-7.5082,127.921
"M 7.9 - 140 km E of Kokopo, Papua New Guinea",7.9,9,7,yellow,1,972,-4.5049,153.522
"M 6.9 - 92 km WSW of Kirakira, Solomon Islands",6.9,8,6,green,1,737,-10.749,161.132
"M 6.5 - 79 km WSW of Kirakira, Solomon Islands",6.5,0,5,green,0,650,-10.8416,161.314
"M 7.8 - 69 km WSW of Kirakira, Solomon Islands",7.8,9,8,green,1,961,-10.6812,161.327
"M 6.6 - 164 km W of Ferndale, California",6.6,5,4,green,1,1120,40.4535,-126.194
"M 6.5 - 14 km WNW of Reuleuet, Indonesia",6.5,9,8,yellow,0,731,5.2834,96.1678
"M 6.6 - 122 km N of Murghob, Tajikistan",6.6,8,7,green,0,693,39.2732,73.9776
"M 6.9 - 156 km SSW of Puerto El Triunfo, El Salvador",6.9,5,4,green,1,855,11.9097,-88.8968
"M 6.9 - 35 km ESE of Namie, Japan",6.9,9,6,green,1,1144,37.3931,141.387
"M 6.5 - 74 km NE of Amberley, New Zealand",6.5,7,7,yellow,1,664,-42.6058,173.254
"M 6.5 - 92 km SSW of Blenheim, New Zealand",6.5,6,7,yellow,1,656,-42.3205,173.669
"M 7.8 - 53 km NNE of Amberley, New Zealand",7.8,9,9,orange,1,1545,-42.7373,173.054
"M 6.6 - 5 km ESE of Preci, Italy",6.6,9,8,red,0,2840,42.8621,13.0961
"M 6.6 - 161 km NNE of Pamanukan, Indonesia",6.6,3,3,green,0,677,-4.8626,108.163
"M 6.8 - 76 km WNW of Kandrian, Papua New Guinea",6.8,3,6,green,1,716,-6.0033,148.887
M 6.9 - Fiji region,6.9,2,3,green,1,733,-19.7819,-178.244
"M 7.0 - 175 km NE of Gisborne, New Zealand",7.0,5,6,green,1,897,-37.3586,179.146
"M 6.8 - 90 km NE of Rabaul, Papua New Guinea",6.8,4,3,green,1,713,-3.6849,152.792
"M 6.8 - 26 km W of Chauk, Myanmar",6.8,6,6,yellow,0,981,20.9228,94.569
M 7.2 - southeast of the Loyalty Islands,7.2,6,5,green,1,799,-22.4765,173.117
"M 7.7 - Pagan region, Northern Mariana Islands",7.7,5,6,green,1,971,18.5429,145.507
"M 6.6 - 80 km W of Sungai Penuh, Indonesia",6.6,4,6,green,0,671,-2.0967,100.665
M 7.2 - South Sandwich Islands region,7.2,1,6,green,1,798,-56.2409,-26.9353
M 6.9 - ,6.9,3,3,green,1,733,-21.9724,-178.204
"M 6.9 - 24 km NW of Rosa Zarate, Ecuador",6.9,8,7,green,1,780,0.4947,-79.616
"M 6.7 - 32 km SE of Muisne, Ecuador",6.7,5,7,green,1,744,0.4261,-79.7899
"M 7.0 - 3 km NW of Norsup, Vanuatu",7.0,7,7,green,1,755,-16.0429,167.379
"M 7.8 - 27 km SSE of Muisne, Ecuador",7.8,9,9,orange,1,1163,0.3819,-79.9218
"M 7.0 - 6 km ESE of Kumamoto, Japan",7.0,9,9,red,1,2074,32.7906,130.754
"M 6.9 - 76 km SE of Mawlaik, Myanmar",6.9,6,6,yellow,0,903,23.0944,94.8654
"M 6.6 - 42 km WSW of Ashk?sham, Afghanistan",6.6,6,4,green,0,738,36.4725,71.1311
"M 6.7 - 104 km W of Sola, Vanuatu",6.7,7,5,green,1,692,-13.9805,166.594
"M 6.7 - 102 km WSW of Sola, Vanuatu",6.7,7,6,green,1,691,-14.0683,166.624
"M 6.9 - 82 km NNW of Port-Olry, Vanuatu",6.9,7,6,green,1,734,-14.3235,166.855
"M 7.8 - southwest of Sumatra, Indonesia",7.8,4,3,green,0,948,-4.9521,94.3299
"M 7.2 - 80 km S of Mil’kovo, Russia",7.2,3,7,green,1,799,53.9776,158.546
"M 7.1 - 47 km ESE of Pedro Bay, Alaska",7.1,7,7,green,1,1496,59.6204,-153.339
"M 6.6 - 203 km SW of La Cruz de Loreto, Mexico",6.6,3,4,green,1,673,18.8239,-106.934
"M 6.7 - 52 km SE of Shizunai-furukawach?, Japan",6.7,5,6,green,1,717,41.9723,142.781
"M 6.5 - 227 km SE of Sarangani, Philippines",6.5,3,6,green,1,651,3.8965,126.862
"M 6.7 - 29 km W of Imph?l, India",6.7,8,7,orange,0,1515,24.8036,93.6505
"M 6.6 - 4 km W of Manuel Ávila Camacho (Ponte Duro), Mexico",6.6,8,6,green,1,765,15.8015,-93.633
"M 6.9 - 107 km SE of Amahai, Indonesia",6.9,8,5,green,0,738,-4.1064,129.508
"M 7.2 - 104 km W of Murghob, Tajikistan",7.2,4,7,green,0,827,38.2107,72.7797
"M 6.7 - 125 km SSW of Tarauacá, Brazil",6.7,2,3,green,0,691,-9.1825,-71.2574
"M 7.6 - 185 km WNW of Iñapari, Peru",7.6,5,4,green,0,896,-10.0598,-71.0184
"M 7.6 - 155 km WNW of Iñapari, Peru",7.6,6,5,green,1,957,-10.5372,-70.9437
"M 6.8 - 153 km WSW of Buala, Solomon Islands",6.8,5,6,green,1,715,-8.8994,158.422
"M 6.5 - 19 km SSW of Lefkáda, Greece",6.5,7,7,orange,0,1018,38.67,20.6
"M 6.7 - 140 km WSW of Makurazaki, Japan",6.7,5,4,green,0,702,31.0009,128.873
"M 6.9 - 85 km NW of Coquimbo, Chile",6.9,5,6,green,0,744,-29.5097,-72.0585
"M 6.9 - 81 km NW of Coquimbo, Chile",6.9,6,6,green,1,761,-29.5067,-72.0068
"M 6.6 - Nicobar Islands, India region",6.6,7,4,green,0,675,6.8431,94.648
"M 6.8 - 39 km SW of Ovalle, Chile",6.8,7,7,green,1,841,-30.8796,-71.4519
"M 6.5 - 47 km NW of Maubara, Timor Leste",6.5,5,7,green,0,657,-8.3381,124.875
"M 7.5 - Hindu Kush region, Afghanistan",7.5,8,7,orange,0,1448,36.5244,70.3676
"M 7.1 - 31 km NE of Port-Olry, Vanuatu",7.1,6,6,green,1,780,-14.8595,167.303
"M 6.6 - 28 km N of Sorong, Indonesia",6.6,7,7,green,0,671,-0.6212,131.262
"M 6.6 - 22 km WSW of Illapel, Chile",6.6,5,7,green,1,820,-31.7275,-71.3792
"M 6.7 - 61 km WNW of Illapel, Chile",6.7,5,7,green,0,718,-31.5173,-71.804
"M 6.5 - 54 km WNW of Illapel, Chile",6.5,6,7,green,0,657,-31.4244,-71.6876
"M 7.0 - 25 km WNW of Illapel, Chile",7.0,8,7,green,0,799,-31.5622,-71.4262
"M 8.3 - 48 km W of Illapel, Chile",8.3,9,8,orange,1,1960,-31.5729,-71.6744
"M 6.7 - 95 km SW of Topolobampo, Mexico",6.7,5,5,green,1,708,24.913,-109.623
"M 6.5 - 177 km SE of Gizo, Solomon Islands",6.5,0,5,green,1,650,-9.3293,157.877
"M 6.6 - 186 km WNW of Malango, Solomon Islands",6.6,3,5,green,1,671,-9.3438,158.053
"M 7.0 - 234 km W of Abepura, Indonesia",7.0,9,7,green,1,762,-2.6286,138.528
"M 6.9 - Fox Islands, Aleutian Islands, Alaska",6.9,4,7,green,1,734,52.376,-169.446
"M 7.0 - 80 km WNW of Lata, Solomon Islands",7.0,8,6,green,1,759,-10.4012,165.141
"M 6.5 - 128 km NE of Bathsheba, Barbados",6.5,4,4,green,1,686,13.8672,-58.5479
"M 6.7 - 150 km WNW of Malango, Solomon Islands",6.7,4,5,green,1,691,-9.307,158.403
"M 6.5 - Bonin Islands, Japan region",6.5,3,4,green,0,652,27.7375,139.725
"M 7.8 - Bonin Islands, Japan region",7.8,6,3,green,1,1151,27.8386,140.493
"M 6.8 - 117 km SSE of Ugashik, Alaska",6.8,5,6,green,1,762,56.594,-156.43
"M 6.8 - 159 km ESE of Kirakira, Solomon Islands",6.8,1,5,green,1,711,-11.1093,163.215
"M 6.9 - 205 km ESE of Kirakira, Solomon Islands",6.9,1,4,green,1,732,-11.0559,163.696
"M 6.8 - 178 km W of Lata, Solomon Islands",6.8,1,4,green,1,711,-10.8759,164.169
"M 6.8 - 32 km SE of ?funato, Japan",6.8,8,6,green,1,831,38.9056,142.032
M 7.3 - Nepal,7.3,8,7,orange,0,1563,27.8087,86.0655
"M 7.1 - 143 km SW of Panguna, Papua New Guinea",7.1,1,6,green,1,776,-7.2175,154.557
"M 7.5 - 131 km SSW of Kokopo, Papua New Guinea",7.5,7,8,green,1,869,-5.4624,151.875
"M 6.8 - 109 km SSW of Kokopo, Papua New Guinea",6.8,5,6,green,1,714,-5.2005,151.777
"M 6.7 - 126 km SSW of Kokopo, Papua New Guinea",6.7,5,6,green,1,692,-5.375,151.771
"M 6.7 - 21 km SSE of Kod?ri??, Nepal",6.7,7,7,yellow,0,1016,27.7711,86.0173
"M 6.6 - 71 km NNE of Bharatpur, Nepal",6.6,8,7,yellow,0,733,28.2244,84.8216
"M 7.8 - 67 km NNE of Bharatpur, Nepal",7.8,8,9,red,0,2820,28.2305,84.7314
"M 6.5 - 181 km SSW of Alo, Wallis and Futuna",6.5,0,5,green,1,650,-15.8815,-178.6
"M 6.5 - 96 km ENE of Hihifo, Tonga",6.5,2,5,green,1,650,-15.4994,-173.029
"M 7.5 - 53 km SE of Kokopo, Papua New Guinea",7.5,6,7,green,1,872,-4.7294,152.562
"M 7.0 - 150 km NNE of Maumere, Indonesia",7.0,4,6,green,0,760,-7.2968,122.535
"M 6.7 - 83 km ENE of Miyako, Japan",6.7,5,5,green,1,714,39.8558,142.881
"M 6.7 - 103 km W of El Aguilar, Argentina",6.7,4,6,green,1,700,-23.1125,-66.688
"M 6.8 - 81 km NNE of Port-Vila, Vanuatu",6.8,1,4,green,1,711,-17.0309,168.52
"M 6.5 - 236 km S of Punta de Burica, Panama",6.5,1,4,green,1,650,5.9045,-82.6576
"M 6.6 - 22 km ESE of Punta de Burica, Panama",6.6,7,6,green,1,709,7.9401,-82.6865
"M 6.6 - 115 km W of Panguna, Papua New Guinea",6.6,1,5,green,1,670,-6.5108,154.46
"M 6.6 - 106 km WSW of Sangay, Philippines",6.6,1,3,green,0,670,6.1572,123.126
"M 6.8 - 157 km NW of Ternate, Indonesia",6.8,6,5,green,1,713,1.9604,126.575
"M 6.5 - 123 km WNW of Tobelo, Indonesia",6.5,5,5,green,1,652,2.2999,127.056
"M 6.7 - 183 km NE of Gisborne, New Zealand",6.7,7,4,green,1,698,-37.6478,179.662
"M 7.1 - 155 km NW of Ternate, Indonesia",7.1,4,6,green,1,779,1.8929,126.522
"M 6.6 - 76 km NE of Finschhafen, Papua New Guinea",6.6,2,6,green,1,671,-5.9873,148.232
M 7.1 - Fiji region,7.1,3,6,green,1,776,-19.6903,-177.759
"M 7.3 - 74 km S of Intipucá, El Salvador",7.3,8,6,yellow,1,982,12.5262,-88.1225
"M 6.7 - 43 km NW of Piti Village, Guam",6.7,5,5,green,1,724,13.7641,144.429
"M 6.8 - 38 km NW of Aniso, Peru",6.8,6,6,green,1,741,-14.598,-73.5714
M 6.9 - Federated States of Micronesia region,6.9,0,4,green,1,732,0.8295,146.169
M 6.9 - Fiji region,6.9,0,6,green,1,732,-19.8015,-178.4
"M 6.5 - 139 km ESE of Namie, Japan",6.5,5,4,green,1,706,37.0052,142.452
"M 6.9 - 4 km W of Puerto Madero, Mexico",6.9,8,7,orange,1,1079,14.724,-92.4614
"M 6.5 - 217 km SSE of Kokopo, Papua New Guinea",6.5,0,4,green,1,650,-6.2304,152.807
"M 6.7 - 201 km SSE of Mata-Utu, Wallis and Futuna",6.7,0,5,green,1,691,-14.9831,-175.51
M 6.9 - South Sandwich Islands region,6.9,0,5,green,1,732,-55.4703,-28.3669
"M 7.9 - Rat Islands, Aleutian Islands, Alaska",7.9,6,8,green,1,963,51.8486,178.735
"M 6.7 - Kermadec Islands, New Zealand",6.7,0,5,green,0,691,-29.9414,-177.607
"M 6.5 - Kermadec Islands, New Zealand",6.5,0,5,green,0,650,-29.9379,-177.516
"M 6.9 - Kermadec Islands, New Zealand",6.9,0,5,green,1,732,-29.9772,-177.725
"M 6.9 - 21 km SSW of Kamariótissa, Greece",6.9,9,7,green,0,951,40.2893,25.3889
"M 6.5 - 110 km SE of Punta de Burica, Panama",6.5,7,5,green,1,694,7.2096,-82.3045
"M 6.6 - 239 km SSE of Isangel, Vanuatu",6.6,0,5,green,1,670,-21.4542,170.355
"M 6.5 - 107 km WSW of Vernon, Canada",6.5,4,6,green,1,838,49.6388,-127.732
"M 7.5 - 70 km SW of Panguna, Papua New Guinea",7.5,0,6,green,1,865,-6.7547,155.024
"M 6.6 - 57 km SW of Panguna, Papua New Guinea",6.6,0,6,green,1,670,-6.6558,155.087
"M 7.2 - 9 km ENE of Coyuquilla Norte, Mexico",7.2,8,7,yellow,1,1017,17.397,-100.972
"M 6.6 - 75 km S of Kirakira, Solomon Islands",6.6,0,6,green,0,670,-11.1284,162.052
"M 7.4 - 112 km S of Kirakira, Solomon Islands",7.4,0,6,green,1,842,-11.4633,162.051
"M 7.6 - 93 km SSE of Kirakira, Solomon Islands",7.6,0,7,green,1,889,-11.2701,162.148
"M 6.6 - 15 km N of Belén, Nicaragua",6.6,6,5,green,1,677,11.642,-85.8779
"M 6.5 - 78 km SW of Panguna, Papua New Guinea",6.5,0,6,green,1,650,-6.7878,154.95
"M 7.1 - 56 km WSW of Panguna, Papua New Guinea",7.1,0,7,green,1,776,-6.5858,155.048
"M 7.7 - 53 km SW of Iquique, Chile",7.7,8,9,yellow,1,1057,-20.5709,-70.4931
"M 6.5 - 45 km WSW of Iquique, Chile",6.5,7,7,green,0,670,-20.3113,-70.5756
"M 6.9 - 90 km WNW of Iquique, Chile",6.9,0,5,green,0,732,-19.8927,-70.9455
"M 8.2 - 93 km NW of Iquique, Chile",8.2,9,8,yellow,1,1332,-19.6097,-70.7691
"M 6.7 - 63 km WNW of Iquique, Chile",6.7,7,7,green,1,718,-19.9807,-70.7022
"M 6.8 - 77 km WNW of Indianola, California",6.8,5,5,green,1,1211,40.8287,-125.134
"M 6.5 - 109 km NW of Nago, Japan",6.5,4,5,green,1,668,27.4312,127.367
"M 6.5 - 171 km NNE of Greenland, Barbados",6.5,5,4,green,1,681,14.6682,-58.9272
"M 6.9 - 272 km ESE of Hotan, China",6.9,3,8,yellow,0,733,35.9053,82.5864
"M 6.5 - 32 km E of Port-Olry, Vanuatu",6.5,0,5,green,1,650,-15.0691,167.372
M 6.5 - south of the Kermadec Islands,6.5,0,3,green,1,650,-32.9076,-177.881
"M 6.5 - 32 km W of Sola, Vanuatu",6.5,0,4,green,1,650,-13.8633,167.249
M 6.5 - Fiji region,6.5,3,4,green,0,651,-17.1171,-176.545
M 7.7 - Scotia Sea,7.7,1,8,green,1,912,-60.2738,-46.4011
M 6.9 - Scotia Sea,6.9,0,5,green,1,732,-60.2627,-47.0621
"M 6.6 - 41 km SSW of Coquimbo, Chile",6.6,6,7,green,1,723,-30.2921,-71.5215
"M 7.1 - off the east coast of Honshu, Japan",7.1,6,4,green,1,872,37.1557,144.661
"M 6.6 - 98 km SW of Etchoropo, Mexico",6.6,8,5,green,1,692,26.0913,-110.321
"M 6.8 - 62 km WSW of Panguna, Papua New Guinea",6.8,0,6,green,1,711,-6.4456,154.931
"M 7.1 - 4 km SE of Sagbayan, Philippines",7.1,9,8,orange,1,1092,9.8796,124.117
"M 6.6 - 36 km W of Kíssamos, Greece",6.6,5,6,yellow,0,691,35.5142,23.2523
M 6.7 - Sea of Okhotsk,6.7,0,3,green,0,691,53.1995,152.786
"M 6.5 - Kermadec Islands, New Zealand",6.5,0,4,green,1,650,-30.9255,-178.323
"M 6.8 - 129 km WSW of Khuzdar, Pakistan",6.8,7,7,orange,0,1005,27.1825,65.5052
"M 7.1 - 16 km WSW of Atiquipa, Peru",7.1,8,7,green,1,843,-15.8385,-74.5112
"M 7.7 - 113 km NW of Bela, Pakistan",7.7,5,8,red,0,2015,26.951,65.5009
"M 6.5 - 81 km SSW of Atka, Alaska",6.5,0,6,green,1,650,51.5573,-174.767
"M 6.5 - Izu Islands, Japan region",6.5,5,3,green,0,739,29.9377,138.833
"M 6.5 - 180 km NE of Lospalos, Timor Leste",6.5,4,5,green,0,668,-7.44,128.221
"M 7.0 - 101 km SW of Atka, Alaska",7.0,5,6,green,0,758,51.537,-175.23
"M 6.5 - 29 km SE of Blenheim, New Zealand",6.5,9,7,yellow,1,690,-41.734,174.152
"M 6.7 - 101 km WSW of Bahía Solano, Colombia",6.7,4,5,green,1,715,5.7732,-78.1999
"M 6.5 - 38 km ESE of Blenheim, New Zealand",6.5,6,7,yellow,1,693,-41.704,174.337
M 7.3 - South Sandwich Islands region,7.3,0,6,green,1,820,-60.857,-25.07
"M 6.6 - 26 km NE of Kandrian, Papua New Guinea",6.6,4,6,green,0,674,-6.029,149.706
"M 7.3 - 190 km ENE of Kokopo, Papua New Guinea",7.3,0,4,green,1,820,-3.917,153.927
M 6.6 - northern Mid-Atlantic Ridge,6.6,0,7,green,1,670,10.701,-42.594
"M 6.5 - 44 km W of Masachapa, Nicaragua",6.5,5,6,green,1,679,11.763,-86.926
"M 6.7 - south of Java, Indonesia",6.7,5,4,green,0,710,-10.004,107.236
M 6.7 - Sea of Okhotsk,6.7,0,3,green,1,691,52.235,151.444
M 8.3 - Sea of Okhotsk,8.3,5,5,green,1,1115,54.892,153.221
"M 7.4 - 292 km SW of Vaini, Tonga",7.4,0,6,green,1,842,-23.009,-177.232
"M 6.8 - Pagan region, Northern Mariana Islands",6.8,0,3,green,0,711,18.728,145.288
"M 6.5 - 33 km N of Rabaul, Papua New Guinea",6.5,0,6,green,1,650,-3.898,152.127
"M 6.6 - 56 km WSW of Linqiong, China",6.6,8,8,red,0,2083,30.308,102.888
"M 7.2 - 252 km ENE of Kuril’sk, Russia",7.2,5,7,green,1,804,46.221,150.788
"M 6.6 - 23 km ESE of Aitape, Papua New Guinea",6.6,7,7,green,1,672,-3.214,142.542
"M 7.7 - 79 km ESE of Kh?sh, Iran",7.7,8,8,yellow,0,1421,28.033,61.996
"M 6.6 - 98 km W of Panguna, Papua New Guinea",6.6,0,5,green,1,670,-6.475,154.607
"M 7.0 - 260 km WSW of Abepura, Indonesia",7.0,3,7,green,1,755,-3.517,138.476
"M 6.5 - 36 km E of Finschhafen, Papua New Guinea",6.5,0,6,green,1,650,-6.598,148.174
"M 6.5 - 87 km SE of Ozernovskiy, Russia",6.5,3,6,green,0,651,50.958,157.408
"M 6.9 - 81 km SE of Ozernovskiy, Russia",6.9,5,6,green,1,736,50.954,157.283
"M 6.6 - 183 km SW of Belaya Gora, Russia",6.6,0,7,green,1,670,67.631,142.508
"M 6.6 - 30 km SSW of Lata, Solomon Islands",6.6,0,6,green,1,670,-10.994,165.741
"M 6.9 - 2 km NNE of Yacuanquer, Colombia",6.9,5,5,green,1,904,1.135,-77.393
"M 7.1 - 32 km SE of Lata, Solomon Islands",7.1,9,6,green,1,780,-10.928,166.018
"M 6.8 - 22 km ESE of Lata, Solomon Islands",6.8,0,7,green,1,711,-10.838,165.969
"M 6.7 - 33 km SSW of Lata, Solomon Islands",6.7,0,6,green,1,691,-10.997,165.655
"M 7.0 - 33 km NW of Lata, Solomon Islands",7.0,0,6,green,0,754,-10.499,165.588
"M 7.1 - 112 km WSW of Lata, Solomon Islands",7.1,0,5,green,0,776,-11.183,164.882
"M 8.0 - 75 km W of Lata, Solomon Islands",8.0,8,7,green,1,993,-10.799,165.114
"M 6.9 - 18 km SSW of Obihiro, Japan",6.9,6,7,yellow,0,814,42.77,143.092
"M 6.8 - 54 km N of Vallenar, Chile",6.8,6,7,green,0,771,-28.094,-70.653
"M 7.5 - 110 km SW of Edna Bay, Alaska",7.5,6,6,,0,1425,55.228,-134.859
"M 6.7 - 59 km SSW of Sola, Vanuatu",6.7,0,4,,0,691,-14.344,167.286
M 7.1 - Banda Sea,7.1,5,5,,0,843,-6.533,129.825
"M 7.3 - 234 km SE of ?funato, Japan",7.3,6,5,,0,1014,37.89,143.949
"M 6.5 - 32 km SW of Champerico, Guatemala",6.5,4,5,,0,708,14.129,-92.164
"M 6.8 - 51 km NNE of Shwebo, Myanmar",6.8,7,6,,0,795,23.005,95.885
"M 7.4 - 33 km S of Champerico, Guatemala",7.4,8,7,yellow,0,1455,13.988,-91.895
"M 7.8 - 206 km SW of Prince Rupert, Canada",7.8,8,7,,0,1726,52.788,-132.101
M 6.5 - Costa Rica,6.5,6,6,,0,745,10.086,-85.298
"M 6.6 - 163 km ENE of Tual, Indonesia",6.6,3,5,,0,675,-4.892,134.03
"M 7.3 - 11 km WNW of San Agustín, Colombia",7.3,7,6,,0,1221,1.929,-76.362
"M 7.6 - 11 km ENE of Hojancha, Costa Rica",7.6,8,7,,0,1555,10.085,-85.315
"M 7.6 - 89 km E of Sulangan, Philippines",7.6,8,5,,0,1115,10.811,126.638
"M 7.3 - 126 km S of Puerto El Triunfo, El Salvador",7.3,5,5,,0,994,12.139,-88.59
"M 6.6 - 140 km WNW of Tobelo, Indonesia",6.6,4,5,,0,678,2.19,126.837
"M 7.7 - 156 km ENE of Poronaysk, Russia",7.7,7,4,,0,941,49.8,145.064
"M 6.5 - 105 km ESE of Kokopo, Papua New Guinea",6.5,5,6,,0,653,-4.651,153.173
"M 6.6 - 76 km W of Neiafu, Tonga",6.6,4,5,,0,675,-18.685,-174.705
"M 6.7 - 86 km SSE of Manokwari, Indonesia",6.7,0,7,,0,691,-1.617,134.276
"M 6.8 - 140 km N of Lae, Papua New Guinea",6.8,6,5,,0,732,-5.462,147.117
"M 6.7 - 22 km NW of Hacienda La Calera, Chile",6.7,0,7,,0,691,-32.625,-71.365
"M 7.0 - 69 km ENE of San Luis, Mexico",7.0,7,7,,0,1000,28.696,-113.104
"M 6.5 - 41 km NW of El Habillal, Mexico",6.5,7,6,,0,1171,18.229,-102.689
M 8.2 - off the west coast of northern Sumatra,8.2,9,6,green,0,1213,0.802,92.463
M 8.6 - off the west coast of northern Sumatra,8.6,9,7,yellow,0,2048,2.327,93.063
"M 7.1 - 23 km NE of Constitución, Chile",7.1,7,7,,0,1496,-35.2,-72.217
"M 6.6 - 11 km ENE of Kainantu, Papua New Guinea",6.6,6,6,,0,709,-6.242,145.955
"M 7.4 - 6 km E of Santiago Llano Grande, Mexico",7.4,9,8,,0,1752,16.493,-98.231
"M 6.7 - 38 km NE of Saryg-Sep, Russia",6.7,7,7,,0,833,51.708,95.991
"M 6.7 - 2 km NNE of Jimalalud, Philippines",6.7,9,7,,0,1551,9.999,123.206
"M 7.1 - 125 km W of Port-Vila, Vanuatu",7.1,5,5,,0,793,-17.827,167.133
M 7.2 - off the west coast of northern Sumatra,7.2,4,4,,0,838,2.433,93.21
"M 6.6 - 45 km NNE of Saryg-Sep, Russia",6.6,0,7,,0,670,51.842,95.911
"M 7.1 - 25 km SSE of Wau, Papua New Guinea",7.1,6,6,,0,834,-7.551,146.809
"M 6.5 - 6 km SSW of Nuevo Balsas, Mexico",6.5,8,7,,0,1400,17.986,-99.789
"M 6.9 - 39 km SW of Santiago, Peru",6.9,6,7,,0,847,-14.438,-75.966
"M 7.1 - 27 km NNE of Van, Turkey",7.1,9,9,,0,1096,38.721,43.508
"M 6.5 - 4 km ESE of Finschhafen, Papua New Guinea",6.5,3,6,,0,655,-6.57,147.881
"M 6.9 - 43 km NW of Mangan, India",6.9,8,8,,0,1562,27.73,88.155
"M 6.7 - 99 km NE of Miyako, Japan",6.7,5,5,,0,712,40.273,142.779
"M 6.7 - 68 km WSW of Kabanjahe, Indonesia",6.7,5,6,,0,915,2.965,97.893
"M 7.0 - 133 km SSE of Isangel, Vanuatu",7.0,7,5,,0,761,-20.671,169.716
"M 7.0 - 64 km ESE of Contamana, Peru",7.0,6,6,,0,913,-7.641,-74.525
"M 7.1 - 64 km S of Port-Vila, Vanuatu",7.1,5,6,,0,787,-18.311,168.218
"M 6.5 - 65 km SSW of Port-Vila, Vanuatu",6.5,0,5,,0,650,-18.308,168.156
"M 7.2 - 71 km SSW of Port-Vila, Vanuatu",7.2,8,6,,0,813,-18.365,168.143
"M 6.6 - 103 km NE of Angoram, Papua New Guinea",6.6,3,6,,0,674,-3.518,144.828
M 7.6 - Kermadec Islands region,7.6,3,7,,0,893,-29.539,-176.34
"M 6.7 - 41 km NNE of Miyako, Japan",6.7,6,6,,0,749,39.955,142.205
"M 6.8 - 124 km NE of Wé, New Caledonia",6.8,4,5,,0,734,-20.244,168.226
"M 6.8 - 79 km W of Kirakira, Solomon Islands",6.8,5,6,,0,719,-10.375,161.2
"M 6.6 - 17 km SSW of Ishikawa, Japan",6.6,7,7,,0,822,37.001,140.401
"M 7.1 - 29 km ESE of Ishinomaki, Japan",7.1,8,8,,0,1114,38.276,141.588
"M 6.6 - 7 km SW of Helio García Alfaro, Mexico",6.6,7,6,,0,897,17.208,-94.338
"M 6.9 - 27 km NNW of Tachilek, Myanmar",6.9,7,9,,0,1154,20.687,99.822
"M 6.6 - 50 km ESE of ?tsuchi, Japan",6.6,6,5,,0,673,39.241,142.463
"M 6.5 - 81 km NE of Hasaki, Japan",6.5,0,4,,0,650,36.166,141.562
"M 7.7 - 272 km ESE of Kamaishi, Japan",7.7,7,4,,0,931,38.058,144.59
"M 7.9 - 47 km E of ?arai, Japan",7.9,8,7,,0,1140,36.281,141.111
"M 9.1 - 2011 Great Tohoku Earthquake, Japan",9.1,9,8,,0,2184,38.297,142.373
"M 7.3 - 120 km SE of ?funato, Japan",7.3,5,5,,0,972,38.435,142.842
"M 6.7 - 38 km W of Constitución, Chile",6.7,5,6,,0,731,-35.38,-72.834
"M 6.9 - 21 km N of Tomé, Chile",6.9,7,7,,0,988,-36.422,-72.96
"M 7.2 - 46 km WSW of Dalbandin, Pakistan",7.2,7,7,,0,1449,28.777,63.951
"M 7.0 - 118 km NNE of Tadine, New Caledonia",7.0,2,5,,0,755,-20.628,168.471
"M 7.2 - 42 km NNW of Carahue, Chile",7.2,8,7,,0,1054,-38.355,-73.326
"M 7.3 - 141 km W of Isangel, Vanuatu",7.3,0,5,,0,820,-19.702,167.947
"M 6.7 - 111 km SE of Bam, Iran",6.7,3,7,,0,708,28.412,59.18
"M 6.6 - 52 km ENE of Kandrian, Papua New Guinea",6.6,0,6,,0,670,-6.001,149.977
"M 7.8 - 215 km SW of Sungai Penuh, Indonesia",7.8,4,7,,0,946,-3.487,100.082
"M 6.7 - 97 km SSW of El Huitusi, Mexico",6.7,5,5,,0,776,24.696,-109.156
"M 7.0 - Near the south coast of Papua, Indonesia",7.0,8,5,,0,772,-4.963,133.76
"M 7.0 - 19 km NE of Methven, New Zealand",7.0,8,8,,0,1245,-43.522,171.83
M 7.1 - Ecuador,7.1,6,5,,0,945,-1.266,-77.306
"M 7.3 - 33 km NW of Port-Vila, Vanuatu",7.3,7,7,,0,850,-17.541,168.069
"M 7.0 - 72 km ESE of Kimbe, Papua New Guinea",7.0,4,6,,0,757,-5.746,150.765
"M 6.5 - 118 km ESE of Madang, Papua New Guinea",6.5,5,4,,0,659,-5.486,146.822
"M 7.6 - 61 km W of Bantogon, Philippines",7.6,5,3,,0,902,6.497,123.48
"M 7.3 - New Britain region, Papua New Guinea",7.3,8,7,,0,831,-5.931,150.59
"M 6.9 - 56 km SE of Kimbe, Papua New Guinea",6.9,4,7,,0,737,-5.966,150.428
"M 6.6 - 30 km SSE of Cañete, Chile",6.6,6,7,,0,753,-38.067,-73.31
"M 6.7 - 55 km WSW of Kirakira, Solomon Islands",6.7,5,6,,0,696,-10.627,161.447
"M 6.6 - 135 km SSE of Biak, Indonesia",6.6,0,7,,0,670,-2.329,136.484
"M 7.0 - 121 km SSE of Biak, Indonesia",7.0,3,7,,0,755,-2.174,136.543
"M 7.5 - Nicobar Islands, India region",7.5,6,5,,0,1144,7.881,91.936
"M 7.2 - 100 km WNW of Sola, Vanuatu",7.2,5,6,,0,804,-13.698,166.643
"M 7.2 - 45 km SSW of Meulaboh, Indonesia",7.2,5,6,,0,918,3.748,96.018
"M 6.9 - 233 km NNW of Qamdo, China",6.9,6,9,,0,773,33.165,96.548
"M 6.9 - 99 km WSW of Kirakira, Solomon Islands",6.9,4,5,,0,740,-10.878,161.116
"M 7.8 - 75 km E of Sinabang, Indonesia",7.8,0,7,,0,936,2.383,97.048
"M 7.2 - 12km SW of Delta, B.C., MX",7.2,9,9,red,0,2910,32.2862,-115.295
"M 6.6 - 217 km N of Bamboo Flat, India",6.6,5,6,,0,701,13.667,92.831
"M 6.7 - 52 km NNW of Tomé, Chile",6.7,5,6,,0,856,-36.217,-73.257
"M 6.5 - 59 km ENE of Namie, Japan",6.5,6,5,,0,810,37.745,141.59
"M 7.0 - 52 km NW of Santa Cruz, Chile",7.0,7,7,,0,874,-34.326,-71.799
"M 6.9 - 61 km NW of Santa Cruz, Chile",6.9,7,7,,0,1280,-34.29,-71.891
"M 6.8 - 141 km W of Bengkulu, Indonesia",6.8,4,6,,0,717,-3.762,100.991
"M 6.6 - 23 km WNW of Talcahuano, Chile",6.6,7,7,,0,736,-36.665,-73.374
"M 6.5 - 48 km NW of Sola, Vanuatu",6.5,0,4,,0,650,-13.571,167.227
"M 7.4 - 124 km W of Lebu, Chile",7.4,0,5,,0,842,-37.773,-75.048
"M 8.8 - 36 km WNW of Quirihue, Chile",8.8,8,8,,0,1991,-36.122,-72.898
"M 7.0 - 70 km SE of Katsuren-haebaru, Japan",7.0,6,6,,0,1180,25.93,128.425
"M 7.0 - 10 km SE of Léogâne, Haiti",7.0,9,9,,0,1623,18.443,-72.571
"M 6.5 - 37 km WNW of Ferndale, California",6.5,7,7,,0,1360,40.652,-124.692
"M 6.8 - 127 km SE of Gizo, Solomon Islands",6.8,3,6,,0,713,-9.019,157.551
"M 7.1 - 94 km SE of Gizo, Solomon Islands",7.1,5,7,,0,780,-8.783,157.354
"M 6.6 - 98 km SE of Gizo, Solomon Islands",6.6,5,7,,0,672,-8.726,157.487
"M 6.5 - 92 km N of Iquique, Chile",6.5,6,7,,0,698,-19.394,-70.321
"M 7.3 - 77 km ENE of Ba, Fiji",7.3,0,4,,0,820,-17.239,178.331
"M 6.6 - 29 km NNW of Bima, Indonesia",6.6,7,6,,0,677,-8.207,118.631
"M 6.8 - 98 km NNE of Naze, Japan",6.8,0,6,,0,711,29.218,129.782
"M 6.9 - 268 km WSW of Tual, Indonesia",6.9,4,6,,0,972,-6.133,130.385
"M 6.8 - 188 km WNW of Sola, Vanuatu",6.8,0,5,,0,711,-13.298,165.91
"M 7.4 - 143 km NW of Sola, Vanuatu",7.4,0,7,,0,842,-13.093,166.497
"M 7.8 - 196 km NW of Sola, Vanuatu",7.8,0,6,,0,936,-12.517,166.382
"M 7.7 - 148 km NW of Sola, Vanuatu",7.7,4,7,,0,916,-13.006,166.51
"M 6.6 - 49 km SSE of Sungai Penuh, Indonesia",6.6,7,7,,0,787,-2.482,101.524
"M 7.6 - 30 km WSW of Pariaman, Indonesia",7.6,8,8,,0,1639,-0.72,99.867
"M 8.1 - 168 km SSW of Matavai, Samoa",8.1,7,6,,0,1055,-15.489,-172.095
"M 7.0 - 66 km SSW of Banjar, Indonesia",7.0,7,7,,0,1175,-7.782,107.297
"M 6.7 - 112 km WSW of Padang, Indonesia",6.7,5,6,,0,753,-1.479,99.49
"M 6.6 - 244 km SSE of Tateyama, Japan",6.6,4,5,,0,703,32.821,140.395
"M 7.5 - 266 km N of Bamboo Flat, India",7.5,7,6,,0,1248,14.099,92.902
"M 7.1 - 161 km S of ?yama, Japan",7.1,5,4,,0,1005,33.167,137.944
"M 6.9 - 96 km WNW of Bahía de Kino, Mexico",6.9,5,7,,0,1202,29.039,-112.903
"M 7.8 - 97 km WSW of Te Anau, New Zealand",7.8,6,8,,0,1165,-45.762,166.562
"M 6.7 - 190 km ESE of Kokopo, Papua New Guinea",6.7,5,5,,0,693,-5.157,153.782
"M 7.3 - 46 km NW of Guanaja, Honduras",7.3,7,8,,0,1560,16.731,-86.217
"M 7.6 - 191 km S of ‘Ohonua, Tonga",7.6,7,5,,0,916,-23.043,-174.66
"M 7.2 - 196 km SSE of Sarangani, Philippines",7.2,3,7,,0,802,3.886,126.387
"M 7.4 - 86 km WNW of Manokwari, Indonesia",7.4,7,7,,0,846,-0.691,133.305
"M 6.6 - 50 km S of Jurm, Afghanistan",6.6,5,4,,0,765,36.419,70.743
"M 7.7 - 140 km WNW of Manokwari, Indonesia",7.7,5,7,,0,918,-0.414,132.885
"M 7.4 - 135 km NW of Gorontalo, Indonesia",7.4,9,7,,0,848,1.271,122.091
"M 6.7 - 19 km SW of Brisas Barra de Suchiate, Mexico",6.7,5,6,,0,731,14.423,-92.364
"M 6.7 - 131 km SE of Nookat, Kyrgyzstan",6.7,0,6,,0,691,39.533,73.824
"M 6.8 - 122 km SSE of Obihiro, Japan",6.8,0,6,,0,711,41.892,143.754
"M 6.6 - 73 km WNW of Tobelo, Indonesia",6.6,0,6,,0,670,1.885,127.363
"M 6.9 - 75 km WNW of Sola, Vanuatu",6.9,0,6,,0,732,-13.501,166.967
"M 6.7 - 221 km NE of Jumla, Nepal",6.7,4,7,,0,692,30.901,83.52
"M 6.8 - 29 km ENE of Morioka, Japan",6.8,8,7,,0,1046,39.802,141.464
"M 7.0 - 107 km E of Namie, Japan",7.0,5,5,,0,840,37.552,142.214
"M 6.9 - 151 km E of Namie, Japan",6.9,5,5,,0,825,37.55,142.714
"M 6.6 - 124 km SW of Bamboo Flat, India",6.6,4,5,,0,680,11.005,91.824
"M 6.9 - 24 km WSW of Mizusawa, Japan",6.9,7,8,,0,888,39.03,140.881
"M 7.9 - 58 km W of Tianpeng, China",7.9,9,9,,0,1870,31.002,103.322
"M 6.9 - 78 km NE of Hasaki, Japan",6.9,5,5,,0,910,36.164,141.526
"M 7.3 - 71 km SW of Isangel, Vanuatu",7.3,0,6,,0,820,-20.071,168.892
"M 7.2 - 226 km SE of Hotan, China",7.2,0,7,,0,798,35.49,81.467
M 6.9 - Philippine Islands region,6.9,4,5,,0,740,13.351,125.63
"M 6.7 - 155 km SSW of Padang, Indonesia",6.7,5,6,,0,696,-2.245,99.808
"M 6.6 - 161 km SSW of Padang, Indonesia",6.6,4,6,,0,674,-2.332,99.891
"M 7.2 - 164 km WSW of Sungai Penuh, Indonesia",7.2,4,7,,0,832,-2.486,99.972
"M 6.5 - 166 km WSW of Sungai Penuh, Indonesia",6.5,4,6,,0,654,-2.405,99.931
"M 7.4 - 56 km NW of Sinabang, Indonesia",7.4,5,7,,0,914,2.768,95.964
"M 6.5 - 50 km S of Koróni, Greece",6.5,8,5,,0,692,36.345,21.863
"M 6.9 - 35 km S of Methóni, Greece",6.9,6,6,,0,941,36.501,21.67
"M 6.5 - 9 km SSW of General Pascual Fentes, Mexico",6.5,7,6,,0,723,16.357,-94.304
"M 6.6 - 46 km SSE of Gisborne, New Zealand",6.6,7,6,,0,808,-39.011,178.291
"M 6.7 - 80 km NNE of Antofagasta, Chile",6.7,5,7,,0,704,-22.954,-70.182
"M 7.4 - 18 km WNW of Basse-Pointe, Martinique",7.4,7,7,,0,1542,14.944,-61.274
"M 6.6 - 60 km SSE of Kirakira, Solomon Islands",6.6,3,6,,0,672,-10.95,162.149
"M 6.5 - 34 km N of Dompu, Indonesia",6.5,5,7,,0,653,-8.224,118.467
"M 6.5 - 28 km NNW of Dompu, Indonesia",6.5,7,7,,0,657,-8.292,118.37
"M 6.8 - 107 km N of Lae, Papua New Guinea",6.8,6,6,,0,722,-5.757,147.098
"M 6.8 - 30 km E of Macas, Ecuador",6.8,7,6,,0,790,-2.312,-77.838
"M 6.8 - 82 km NNE of Antofagasta, Chile",6.8,6,7,,0,716,-22.925,-70.237
"M 7.7 - 36 km ESE of Tocopilla, Chile",7.7,8,7,,0,995,-22.247,-69.89
"M 6.8 - 138 km W of Bengkulu, Indonesia",6.8,3,5,,0,713,-3.899,101.02
"M 6.8 - 70 km N of Te Anau, New Zealand",6.8,4,7,,0,744,-44.796,167.553
"M 6.8 - 154 km ESE of Kokopo, Papua New Guinea",6.8,4,5,,0,713,-4.99,153.5
"M 6.7 - 118 km SSW of Padang, Indonesia",6.7,3,5,,0,696,-1.999,100.141
"M 7.0 - 153 km SSW of Padang, Indonesia",7.0,4,7,,0,768,-2.13,99.627
"M 6.5 - Kepulauan Mentawai region, Indonesia",6.5,0,5,,0,650,-1.689,99.668
"M 7.9 - 87 km SW of Sungai Penuh, Indonesia",7.9,8,7,,0,1133,-2.625,100.841
"M 7.8 - 148 km WSW of Sungai Penuh, Indonesia",7.8,7,8,,0,1152,-2.52,100.139
"M 8.4 - 122 km SW of Bengkulu, Indonesia",8.4,0,6,,0,1086,-4.438,101.367
"M 6.8 - 39 km WNW of Timbiquí, Colombia",6.8,5,6,,0,747,2.966,-77.963
"M 7.2 - 97 km S of Lata, Solomon Islands",7.2,0,5,,0,798,-11.61,165.762
"M 6.5 - 31 km WSW of Malango, Solomon Islands",6.5,5,6,,0,675,-9.834,159.465
"M 8.0 - 41 km SW of San Vicente de Cañete, Peru",8.0,9,8,,0,1385,-13.386,-76.603
"M 7.5 - 35 km NNE of Rengasdengklok, Indonesia",7.5,0,5,,0,865,-5.859,107.419
"M 7.2 - 56 km E of Luganville, Vanuatu",7.2,7,7,,0,803,-15.595,167.68
"M 6.9 - 140 km NNW of Tobelo, Indonesia",6.9,3,5,,0,734,2.872,127.464
"M 6.8 - 133 km WNW of Mikuni, Japan",6.8,5,4,,0,779,36.808,134.85
"M 6.6 - 20 km NNW of Kashiwazaki, Japan",6.6,8,8,,0,831,37.535,138.446
"M 6.7 - 43 km SSE of Iztapa, Guatemala",6.7,6,6,,0,972,13.554,-90.618
"M 6.9 - 113 km SSE of Panguna, Papua New Guinea",6.9,0,7,,0,732,-7.306,155.741
"M 6.6 - 99 km SSE of Panguna, Papua New Guinea",6.6,0,7,,0,670,-7.169,155.777
"M 8.1 - 45 km SSE of Gizo, Solomon Islands",8.1,9,8,,0,1025,-8.466,157.043
"M 6.7 - 46 km NW of Nanao, Japan",6.7,7,8,,0,782,37.336,136.588
"M 7.1 - 119 km S of Isangel, Vanuatu",7.1,3,6,,0,779,-20.617,169.357
"M 6.7 - 206 km SSW of Sofifi, Indonesia",6.7,0,6,,0,691,-1.034,126.976
"M 7.5 - 126 km WNW of Ternate, Indonesia",7.5,6,5,,0,874,1.065,126.282
M 8.1 - east of the Kuril Islands,8.1,4,5,,0,1034,46.243,154.524
"M 6.9 - 26 km W of Hengchun, Taiwan",6.9,6,7,,0,798,21.974,120.493
"M 7.1 - 30 km SW of Hengchun, Taiwan",7.1,8,7,,0,1023,21.799,120.547
M 8.3 - Kuril Islands,8.3,4,7,,0,1064,46.592,153.266
"M 6.6 - 155 km SE of Kimbe, Papua New Guinea",6.6,0,6,,0,670,-6.482,151.195
"M 6.7 - 52 km SW of San Vicente de Cañete, Peru",6.7,5,6,,0,732,-13.457,-76.677
"M 6.7 - 100 km ESE of Kimbe, Papua New Guinea",6.7,5,6,,0,692,-5.881,150.982
"M 6.7 - 14 km SW of Puako, Hawaii",6.7,8,9,,0,1481,19.877,-155.935
"M 6.9 - 201 km ESE of Hihifo, Tonga",6.9,3,3,,0,737,-16.592,-172.033
"M 6.8 - 49 km S of Panguna, Papua New Guinea",6.8,0,6,,0,711,-6.759,155.512
"M 6.5 - 81 km ESE of Ozernovskiy, Russia",6.5,0,6,,0,650,51.148,157.522
"M 6.8 - 51 km NE of Norsup, Vanuatu",6.8,5,5,,0,713,-15.798,167.789
"M 7.7 - 226 km SSW of Singaparna, Indonesia",7.7,7,5,,0,947,-9.284,107.419
"M 6.5 - 111 km E of Kimbe, Papua New Guinea",6.5,0,6,,0,650,-5.724,151.133
"M 6.6 - 42 km NNW of Tilichiki, Russia",6.6,0,7,,0,670,60.772,165.743
"M 6.8 - 256 km SSW of Singkil, Indonesia",6.8,4,5,,0,719,0.093,97.05
"M 8.0 - 47 km SSE of Pangai, Tonga",8.0,7,7,,0,1013,-20.187,-174.123
"M 8.0 - 50 km ESE of Pangai, Tonga",8.0,8,9,,0,1026,-19.99,-173.907
"M 6.5 - 73 km WNW of Copiapó, Chile",6.5,7,7,,0,653,-27.211,-71.056
"M 6.7 - 78 km WNW of Copiapó, Chile",6.7,6,7,,0,696,-27.017,-71.022
"M 6.6 - 80 km E of Tilichiki, Russia",6.6,0,8,,0,670,60.491,167.516
"M 7.6 - 80 km NE of Tilichiki, Russia",7.6,0,8,,0,889,60.949,167.089
"M 6.5 - 130 km NNW of Lautoka, Fiji",6.5,3,5,,0,654,-16.527,176.989
"M 6.7 - 108 km W of Ambon, Indonesia",6.7,0,7,,0,691,-3.595,127.214
"M 7.0 - 160 km SE of Chipinge, Zimbabwe",7.0,5,9,,0,891,-21.324,33.583
"M 6.7 - 26 km NE of Kýthira, Greece",6.7,7,6,,0,934,36.311,23.212
"M 6.6 - 75 km SSW of Bahía de Kino, Mexico",6.6,7,6,,0,703,28.164,-112.117
"M 6.5 - 53 km SW of Ashk?sham, Afghanistan",6.5,6,5,,0,721,36.357,71.093
"M 6.8 - 76 km ESE of Kalemie, Democratic Republic of the Congo",6.8,5,7,,0,744,-6.224,29.83
"M 6.5 - 80 km ESE of Ishinomaki, Japan",6.5,4,5,,0,683,38.089,142.122
"M 6.5 - 57 km SE of Sinabang, Indonesia",6.5,3,6,,0,651,2.164,96.786
"M 6.8 - 68 km NNE of San Pedro de Atacama, Chile",6.8,0,6,,0,711,-22.361,-67.895
"M 7.6 - 21 km NNE of Muzaffar?b?d, Pakistan",7.6,9,9,,0,1267,34.539,73.588
"M 6.6 - 129 km SSW of Kokopo, Papua New Guinea",6.6,0,6,,0,670,-5.437,151.84
"M 7.5 - 39 km NW of Yurimaguas, Peru",7.5,8,7,,0,1018,-5.678,-76.398
"M 7.6 - 135 km E of Kokopo, Papua New Guinea",7.6,5,7,,0,891,-4.539,153.474
"M 7.2 - 66 km ESE of Ishinomaki, Japan",7.2,7,7,,0,1104,38.276,142.039
"M 7.2 - Nicobar Islands, India region",7.2,4,5,,0,808,7.92,92.19
"M 6.7 - 94 km WSW of Singkil, Indonesia",6.7,3,6,,0,693,1.819,97.082
"M 6.6 - 32 km W of San Juan del Sur, Nicaragua",6.6,6,5,,0,719,11.245,-86.172
"M 7.2 - 153 km W of Big Lagoon, California",7.2,5,4,,0,1318,41.292,-125.953
"M 7.8 - 102 km ENE of Iquique, Chile",7.8,8,7,,0,1020,-19.987,-69.197
"M 6.9 - 89 km WSW of Singkil, Indonesia",6.9,5,7,,0,740,1.989,97.041
"M 6.7 - 125 km SW of Padangsidempuan, Indonesia",6.7,6,5,,0,731,0.587,98.459
"M 6.5 - 106 km SW of Padang, Indonesia",6.5,3,6,,0,657,-1.714,99.779
"M 6.7 - 113 km SW of Padang, Indonesia",6.7,5,6,,0,717,-1.644,99.607
"M 8.6 - 78 km WSW of Singkil, Indonesia",8.6,0,8,,0,1138,2.085,97.108
"M 6.6 - 28 km NNW of Maebaru-ch??, Japan",6.6,8,7,,0,805,33.807,130.131
M 7.1 - Banda Sea,7.1,0,5,,0,776,-6.527,129.933
"M 6.8 - 99 km WNW of Sinabang, Indonesia",6.8,0,6,,0,711,2.908,95.592
"M 6.5 - 81 km SSW of Katabu, Indonesia",6.5,0,7,,0,650,-5.562,122.129
"M 6.5 - Pulau-Pulau Talaud, Indonesia",6.5,3,5,,0,652,4.756,126.421
"M 6.7 - 52 km SW of Sola, Vanuatu",6.7,0,4,,0,691,-14.252,167.259
"M 7.1 - 138 km SW of Palimbang, Philippines",7.1,7,3,,0,782,5.293,123.337
"M 6.6 - 161 km SE of Katsuura, Japan",6.6,6,4,,0,676,34.064,141.491
"M 6.6 - Nicobar Islands, India region",6.6,0,5,,0,670,8.879,92.375
"M 7.2 - 284 km WNW of Sabang, Indonesia",7.2,5,6,,0,802,6.91,92.958
M 9.1 - 2004 Sumatra - Andaman Islands Earthquake,9.1,0,8,,0,1274,3.295,95.982
M 8.1 - north of Macquarie Island,8.1,0,5,,0,1009,-49.312,161.345
"M 6.8 - 36 km S of George Town, Cayman Islands",6.8,5,6,,0,858,18.958,-81.409
"M 6.8 - 54 km SSW of Nemuro, Japan",6.8,4,7,,0,724,42.9,145.228
"M 7.0 - 51 km SW of Nemuro, Japan",7.0,4,7,,0,771,43.006,145.119
"M 7.1 - 29 km SSW of Nabire, Indonesia",7.1,0,7,,0,776,-3.609,135.404
"M 7.1 - 255 km W of Riverton, New Zealand",7.1,5,5,,0,782,-46.676,164.721
"M 7.2 - 32 km SSW of Pizarro, Colombia",7.2,8,8,,0,820,4.695,-77.508
"M 7.5 - 63 km NW of Maubara, Timor Leste",7.5,5,7,,0,870,-8.152,124.868
"M 6.7 - 80 km SSE of Kirakira, Solomon Islands",6.7,0,6,,0,691,-11.128,162.208
"M 6.7 - 189 km SW of Port McNeill, Canada",6.7,7,4,,0,703,49.277,-128.772
"M 6.6 - 8 km SSW of Ojiya, Japan",6.6,0,8,,0,670,37.226,138.779
"M 6.7 - 31 km WNW of Yonakuni, Japan",6.7,5,6,,0,705,24.53,122.694
"M 7.0 - 43 km SSW of Masachapa, Nicaragua",7.0,0,6,,0,754,11.422,-86.665
"M 6.5 - 9 km W of Talisay, Philippines",6.5,5,5,,0,665,13.925,120.534
"M 6.8 - 60 km SSE of Kirakira, Solomon Islands",6.8,0,6,,0,711,-10.951,162.161
"M 6.6 - 129 km ESE of Shing?, Japan",6.6,0,4,,0,670,33.205,137.227
"M 7.4 - 118 km ESE of Shing?, Japan",7.4,0,5,,0,842,33.184,137.071
"M 7.2 - 94 km SE of Shing?, Japan",7.2,0,5,,0,798,33.07,136.618
"M 6.5 - 67 km ESE of Teno, Chile",6.5,0,7,,0,650,-35.173,-70.525
"M 6.5 - 117 km WNW of Manokwari, Indonesia",6.5,0,7,,0,650,-0.443,133.091
"M 6.9 - 24 km ENE of Atlasovo, Russia",6.9,0,5,,0,732,55.682,160.003
"M 6.6 - 11 km N of Cañete, Chile",6.6,0,7,,0,670,-37.695,-73.406
"M 6.7 - 105 km WNW of Naisano Dua, Indonesia",6.7,0,5,,0,691,-9.362,122.839
"M 6.5 - 86 km NNW of Sola, Vanuatu",6.5,0,4,,0,650,-13.174,167.198
M 6.6 - Afghanistan-Tajikistan-Pakistan region,6.6,0,4,,0,670,36.512,71.029
"M 6.7 - 38 km SSW of Nabire, Indonesia",6.7,0,7,,0,691,-3.665,135.339
"M 7.3 - Near the south coast of Papua, Indonesia",7.3,0,7,,0,820,-4.003,135.023
"M 7.0 - 28 km S of Nabire, Indonesia",7.0,0,7,,0,754,-3.615,135.538
"M 6.7 - 107 km NW of Ambon, Indonesia",6.7,0,6,,0,691,-3.12,127.4
"M 7.3 - 201 km ESE of Tadine, New Caledonia",7.3,0,4,,0,820,-22.015,169.766
"M 6.6 - 13 km SSW of Bam, Iran",6.6,0,9,,0,670,28.995,58.311
"M 6.5 - 3 km SSE of Progreso, Panama",6.5,0,6,,0,650,8.416,-82.824
"M 6.5 - 10 km NE of San Simeon, California",6.5,7,9,,0,1390,35.7005,-121.101
"M 6.8 - 92 km E of Yujing, Taiwan",6.8,0,7,,0,711,23.039,121.362
"M 6.6 - 82 km E of Kimbe, Papua New Guinea",6.6,0,6,,0,670,-5.581,150.88
"M 6.5 - 4 km NW of Can-Avid, Philippines",6.5,0,6,,0,650,12.025,125.416
"M 6.6 - 51 km NW of Isangel, Vanuatu",6.6,0,5,,0,670,-19.262,168.892
"M 7.0 - 133 km ESE of Ishinomaki, Japan",7.0,0,5,,0,754,37.812,142.619
"M 6.7 - 39 km SSE of Kushiro, Japan",6.7,0,6,,0,691,42.648,144.57
"M 6.7 - 9 km S of Aktash, Russia",6.7,0,7,,0,691,50.211,87.721
"M 6.5 - 58 km S of Kushiro, Japan",6.5,0,5,,0,650,42.45,144.38
"M 7.3 - 29 km S of Aktash, Russia",7.3,0,7,,0,820,50.038,87.813
"M 7.4 - 119 km ESE of Shizunai-furukawach?, Japan",7.4,0,7,,0,842,41.774,143.593
"M 8.2 - 134 km SSW of Kushiro, Japan",8.16,0,9,,0,1024,41.815,143.91
"M 6.6 - 16 km SE of Taungdwingyi, Myanmar",6.6,0,7,,0,670,19.917,95.672
"M 7.2 - 56 km NW of Te Anau, New Zealand",7.2,0,7,,0,798,-45.104,167.144
M 7.6 - Scotia Sea,7.6,0,6,,0,889,-60.532,-43.411
"M 6.5 - 41 km N of Rabaul, Papua New Guinea",6.5,0,6,,0,650,-3.828,152.174
"M 6.8 - 42 km W of Ovalle, Chile",6.8,0,7,,0,711,-30.608,-71.637
"M 6.9 - 25 km ESE of Atlasovo, Russia",6.9,0,5,,0,732,55.492,159.999
"M 6.6 - 87 km SSE of Kokopo, Papua New Guinea",6.6,0,6,,0,670,-5.095,152.502
"M 7.0 - 116 km NE of Tobelo, Indonesia",7.0,0,6,,0,754,2.354,128.855
"M 7.0 - 27 km SSW of ?funato, Japan",7.0,0,7,,0,754,38.849,141.568
"M 6.8 - 25 km WNW of Dellys, Algeria",6.8,0,9,,0,711,36.964,3.634
"M 6.5 - 46 km NE of Ruteng, Indonesia",6.5,0,7,,0,650,-8.294,120.743
"M 6.8 - 114 km ESE of Kokopo, Papua New Guinea",6.8,0,7,,0,711,-4.694,153.238
"M 7.6 - 16 km SSW of Cuyutlán, Mexico",7.6,0,7,,0,889,18.77,-104.104
"M 6.5 - 33 km S of Puerto San José, Guatemala",6.5,0,6,,0,650,13.626,-90.774
"M 7.3 - 126 km W of Kirakira, Solomon Islands",7.3,0,6,,0,820,-10.491,160.77
"M 6.7 - 191 km SE of Kokopo, Papua New Guinea",6.7,0,5,,0,691,-5.311,153.701
"M 6.7 - New Ireland region, Papua New Guinea",6.7,0,6,,0,691,-4.786,153.275
"M 7.9 - 75 km E of Cantwell, Alaska",7.9,8,9,,0,1750,63.5141,-147.453
"M 7.4 - 50 km NW of Sinabang, Indonesia",7.4,0,7,,0,842,2.824,96.085
"M 6.6 - 53 km ENE of Cantwell, Alaska",6.6,0,7,,0,670,63.5144,-147.912
"M 6.7 - 72 km S of Manokwari, Indonesia",6.7,0,7,,0,691,-1.511,133.973
"M 7.6 - 102 km SSE of Manokwari, Indonesia",7.6,0,7,,0,889,-1.757,134.297
"M 6.5 - 152 km NNE of Bamboo Flat, India",6.5,0,6,,0,650,13.036,93.068
"M 7.6 - 68 km ESE of Aitape, Papua New Guinea",7.6,0,7,,0,889,-3.302,142.945
"M 6.5 - 114 km SSE of San Jose Village, Northern Mariana Islands",6.5,0,4,,0,650,14.101,146.199
"M 6.5 - 14 km SE of Punta de Burica, Panama",6.5,0,7,,0,650,7.929,-82.793
"M 6.5 - 59 km SSW of Abhar, Iran",6.5,0,8,,0,650,35.626,49.047
"M 6.6 - 20 km SW of Monte Patria, Chile",6.6,0,7,,0,670,-30.805,-71.124
"M 6.7 - 190 km NW of Sola, Vanuatu",6.7,0,5,,0,691,-12.592,166.383
"M 7.1 - 20 km SSW of Merizo Village, Guam",7.1,0,7,,0,776,13.088,144.619
"M 6.7 - 31 km SW of Copiapó, Chile",6.7,0,7,,0,691,-27.535,-70.586
"M 6.8 - 27 km SSW of Nuxco, Mexico",6.8,0,6,,0,711,16.985,-100.865
"M 7.1 - 67 km ENE of Hualien City, Taiwan",7.1,0,6,,0,776,24.279,122.179
"M 6.5 - 107 km NE of Calama, Chile",6.5,0,5,,0,650,-21.663,-68.329
"M 7.5 - Mindanao, Philippines",7.5,0,7,,0,865,6.033,124.249
"M 7.4 - 51 km SW of Jurm, Afghanistan",7.4,0,5,,0,842,36.502,70.482
"M 6.6 - 125 km E of Kimbe, Papua New Guinea",6.6,0,6,,0,670,-5.345,151.248
"M 6.5 - 5 km NE of Sultanda??, Turkey",6.5,0,7,,0,650,38.573,31.271
"M 6.7 - 11 km SE of Aitape, Papua New Guinea",6.7,0,8,,0,691,-3.212,142.427
"M 6.6 - 33 km WNW of Port-Vila, Vanuatu",6.6,0,6,,0,670,-17.664,168.004
"M 7.2 - 50 km WNW of Port-Vila, Vanuatu",7.2,0,6,,0,798,-17.6,167.856
"M 6.8 - 22 km WNW of Malango, Solomon Islands",6.8,0,7,,0,711,-9.613,159.53
"M 6.8 - 62 km SSW of Yonakuni, Japan",6.8,0,5,,0,711,23.954,122.734
"M 6.5 - 3 km NW of Hanamaki, Japan",6.5,0,5,,0,650,39.402,141.089
"M 7.8 - Southern Qinghai, China",7.8,0,9,,0,936,35.946,90.541
"M 7.0 - 40 km S of Kimbe, Papua New Guinea",7.0,0,7,,0,754,-5.912,150.196
"M 7.5 - 155 km E of Kendari, Indonesia",7.5,0,6,,0,865,-4.102,123.907
"M 7.0 - 69 km SSE of Inarajan Village, Guam",7.0,0,6,,0,754,12.686,144.98
"M 6.5 - 108 km WNW of Manokwari, Indonesia",6.5,0,6,,0,650,-0.578,133.13
"M 6.6 - 74 km S of Kokhanok, Alaska",6.6,6,6,,0,754,58.775,-154.701
"M 6.5 - 32 km WNW of Skýros, Greece",6.5,0,8,,0,650,39.059,24.244
"M 7.6 - 51 km SW of Punta de Bombón, Peru",7.6,0,7,,0,889,-17.543,-72.077
"M 6.6 - 31 km S of Achanizo, Peru",6.6,0,7,,0,670,-16.086,-73.987
"M 6.7 - 34 km WSW of Pacocha, Peru",6.7,0,6,,0,691,-17.745,-71.649
"M 8.4 - 6 km SSW of Atico, Peru",8.4,0,8,,0,1086,-16.265,-73.641
"M 6.7 - 128 km SSE of Panguna, Papua New Guinea",6.7,0,6,,0,691,-7.41,155.865
"M 6.8 - 16 km SSW of Kure, Japan",6.8,0,7,,0,711,34.083,132.526
"M 6.5 - 41 km SSW of Ambon, Indonesia",6.5,0,6,,0,650,-4.029,128.02
"M 6.8 - 7 km SSE of Longbranch, Washington",6.8,7,7,,0,1441,47.149,-122.727
"M 7.1 - 137 km WNW of Ternate, Indonesia",7.1,0,7,,0,776,1.271,126.249
"M 7.4 - 102 km SSE of Bengkulu, Indonesia",7.4,0,6,,0,842,-4.68,102.562
"M 6.6 - 5 km S of Cojutepeque, El Salvador",6.6,0,8,,0,670,13.671,-88.938
"M 7.7 - 17 km NW of Bhach?u, India",7.7,0,9,,0,912,23.419,70.232
"M 6.9 - 59 km WSW of Bengkulu, Indonesia",6.9,0,6,,0,732,-4.022,101.776
"M 7.7 - 28 km SSW of Puerto El Triunfo, El Salvador",7.7,0,8,,0,912,13.049,-88.66
"M 6.9 - 47 km S of Old Harbor, Alaska",6.9,5,7,,0,745,56.7744,-153.281
"M 7.1 - 16 km NE of Port-Olry, Vanuatu",7.1,0,7,,0,776,-14.928,167.17
"M 6.8 - Mindanao, Philippines",6.8,0,5,,0,711,6.631,126.899
"M 7.5 - 21 km SE of Lukatan, Philippines",7.5,0,7,,0,865,6.898,126.579
